Workbook

Sheet How to use
A1: Docs Viewer — manual test checklist
A3: 1. Open a test file from the "Test pack" section in the viewer (or the files in public/samples/test-pack/).
A4: 2. Every test inside the file is labeled with its ID (e.g. DOCX-07), what is tested, and the expected result.
A5: 3. Find the same ID in the "All tests" sheet, compare what you see with "Expected result", and pick Pass / Fail / N/A.
A6: 4. Write what you saw in "Tester notes" for every Fail (a screenshot name helps), plus the device and browser.
A7: 5. If unsure what is correct, open the same file in Microsoft Word / Excel / PowerPoint / Adobe Reader and compare.
A9: "Viewer status" = what the current viewer is known to do: ✅ should match the original ⚠️ partly supported ❌ not supported yet.
A10: Report ❌ items too: they show what is missing compared with the original file.
A12: Total tests: 506. Files: 28.
A14: Test run: Stage + Angular, Chrome 1400 px (spot checks Firefox, Safari iPhone), 22 Oct 2026. 372 Pass, 134 Fail of 506 tests. Results are in the Result / Tester notes / Tested on columns of "All tests".
A15: Fixed in this round: Excel hidden rows/columns, column widths and text overflow, CSV line breaks and long text; test files: Word page 7 columns, PDF gradient, 16-bit TIFF, Excel column B width.
A16: "Viewer status" now shows the tested result: ✅ matches the original, ⚠️ partly, ❌ missing.

Sheet All tests
A1: # | B1: Test ID | C1: File | D1: Where | E1: What is tested | F1: Expected result | G1: Viewer status | H1: Result (Pass / Fail / N/A) | I1: Tester notes (what you saw, device, browser) | J1: Tested on
A2: 1 | B2: DOCX-01 | C2: test-word.docx | D2: Page 1, section 1 | E2: Font families | F2: Each line is shown in the font it names (Calibri, Cambria, Arial, Times New Roman, Courier New, Georgia, Verdana) | G2: ✅ | H2: Pass | I2: Each line in its font (Calibri/Cambria shown with look-alike fonts Carlito/Caladea when not installed). | J2: Stage + Angular, Chrome 1400 px (spot checks Firefox, Safari iPhone), 22 Oct 2026
A3: 2 | B3: DOCX-02 | C3: test-word.docx | D3: Page 1 | E3: Font sizes | F3: Five lines growing from 8 pt to 28 pt | G3: ✅ | H3: Pass | I3: 8 to 28 pt, growing. | J3: Stage + Angular, Chrome 1400 px (spot checks Firefox, Safari iPhone), 22 Oct 2026
A4: 3 | B4: DOCX-03 | C4: test-word.docx | D4: Page 1 | E4: Text styles | F4: Each word looks like its name: bold, italic, underline, double underline, strikethrough, x² superscript, H₂O subscript, SMALL CAPS, ALL CAPS | G4: ✅ | H4: Pass | I4: All 9 styles correct, incl. double underline, x², H₂O, small caps. | J4: Stage + Angular, Chrome 1400 px (spot checks Firefox, Safari iPhone), 22 Oct 2026
A5: 4 | B5: DOCX-04 | C5: test-word.docx | D5: Page 1 | E5: Text colors and highlight | F5: Red, blue, green and orange text; yellow and bright green highlight; a paragraph with light blue background | G5: ✅ | H5: Pass | I5: Colors, yellow / green highlight and light-blue paragraph shading shown. | J5: Stage + Angular, Chrome 1400 px (spot checks Firefox, Safari iPhone), 22 Oct 2026
A6: 5 | B6: DOCX-05 | C6: test-word.docx | D6: Page 1 | E6: Alignment | F6: Lines aligned left, centered, right; the long paragraph is justified (straight right edge) | G6: ✅ | H6: Pass | I6: Left, centered, right; justified paragraph has a straight right edge. | J6: Stage + Angular, Chrome 1400 px (spot checks Firefox, Safari iPhone), 22 Oct 2026
A7: 6 | B7: DOCX-06 | C7: test-word.docx | D7: Page 1 | E7: Indents and line spacing | F7: Indented paragraph (1 inch), first-line indent, hanging indent; then 1.0, 1.5 and 2.0 line spacing | G7: ✅ | H7: Pass | I7: 1 inch indent, first-line and hanging indent, 1.0 / 1.5 / 2.0 spacing. | J7: Stage + Angular, Chrome 1400 px (spot checks Firefox, Safari iPhone), 22 Oct 2026
A8: 7 | B8: DOCX-07 | C8: test-word.docx | D8: Page 1 | E8: Headings and styles | F8: Title style, then Heading 1, 2, 3 in decreasing size and in the theme color | G8: ✅ | H8: Pass | I8: Title with underline rule, Heading 1-3 smaller each time, theme blue. | J8: Stage + Angular, Chrome 1400 px (spot checks Firefox, Safari iPhone), 22 Oct 2026
A9: 8 | B9: DOCX-08 | C9: test-word.docx | D9: Page 2 | E9: Round bullets (Symbol font) | F9: Round • bullets | G9: ✅ | H9: Pass | I9: • bullets. | J9: Stage + Angular, Chrome 1400 px (spot checks Firefox, Safari iPhone), 22 Oct 2026
A10: 9 | B10: DOCX-09 | C10: test-word.docx | D10: Page 2 | E10: Square bullets (Wingdings §) | F10: Small square ▪ bullets — NOT the § sign and NOT empty boxes | G10: ✅ | H10: Pass | I10: ▪ bullets (not §). | J10: Stage + Angular, Chrome 1400 px (spot checks Firefox, Safari iPhone), 22 Oct 2026
A11: 10 | B11: DOCX-10 | C11: test-word.docx | D11: Page 2 | E11: Arrow bullets (Wingdings Ø) | F11: Arrow-head ➢ bullets — NOT Ø | G11: ✅ | H11: Pass | I11: ➢ bullets (not Ø). | J11: Stage + Angular, Chrome 1400 px (spot checks Firefox, Safari iPhone), 22 Oct 2026
A12: 11 | B12: DOCX-11 | C12: test-word.docx | D12: Page 2 | E12: Check-mark bullets (Wingdings ü) | F12: Check ✓ bullets — NOT ü | G12: ✅ | H12: Pass | I12: ✓ bullets (not ü). | J12: Stage + Angular, Chrome 1400 px (spot checks Firefox, Safari iPhone), 22 Oct 2026
A13: 12 | B13: DOCX-12 | C13: test-word.docx | D13: Page 2 | E13: Hollow circle bullets (Courier New o) | F13: Hollow o bullets | G13: ✅ | H13: Pass | I13: o bullets. | J13: Stage + Angular, Chrome 1400 px (spot checks Firefox, Safari iPhone), 22 Oct 2026
... A507: 506 | B507: TIF-07 | C507: test-tiff-16bit.tif | D507: Whole page | E507: 16-bit grayscale (medical / archive scans) | F507: Opens; gray image is readable | G507: ✅ | H507: Pass | I507: Opens, readable gray image (test file fixed in this round: it held 8-bit values in a 16-bit file, so it looked black). | J507: Stage + Angular, Chrome 1400 px (spot checks Firefox, Safari iPhone), 22 Oct 2026

Sheet Summary
A1: File | B1: Tests | C1: Pass | D1: Fail | E1: Not tested yet | F1: Pass rate
A2: test-word.docx | B2: 27 | C2: =COUNTIFS('All tests'!$C$2:$C$507,A2,'All tests'!$H$2:$H$507,"Pass") -> 23 | D2: =COUNTIFS('All tests'!$C$2:$C$507,A2,'All tests'!$H$2:$H$507,"Fail") -> 4 | E2: =B2-C2-D2 -> 0 | F2: =IF(B2=0,"",C2/B2) -> 0.85185185
A3: test-word.docm | B3: 28 | C3: =COUNTIFS('All tests'!$C$2:$C$507,A3,'All tests'!$H$2:$H$507,"Pass") -> 24 | D3: =COUNTIFS('All tests'!$C$2:$C$507,A3,'All tests'!$H$2:$H$507,"Fail") -> 4 | E3: =B3-C3-D3 -> 0 | F3: =IF(B3=0,"",C3/B3) -> 0.85714286
A4: test-word.doc | B4: 28 | C4: =COUNTIFS('All tests'!$C$2:$C$507,A4,'All tests'!$H$2:$H$507,"Pass") -> 14 | D4: =COUNTIFS('All tests'!$C$2:$C$507,A4,'All tests'!$H$2:$H$507,"Fail") -> 14 | E4: =B4-C4-D4 -> 0 | F4: =IF(B4=0,"",C4/B4) -> 0.5
A5: test-excel.xlsx | B5: 90 | C5: =COUNTIFS('All tests'!$C$2:$C$507,A5,'All tests'!$H$2:$H$507,"Pass") -> 72 | D5: =COUNTIFS('All tests'!$C$2:$C$507,A5,'All tests'!$H$2:$H$507,"Fail") -> 18 | E5: =B5-C5-D5 -> 0 | F5: =IF(B5=0,"",C5/B5) -> 0.8
A6: test-excel.xlsm | B6: 91 | C6: =COUNTIFS('All tests'!$C$2:$C$507,A6,'All tests'!$H$2:$H$507,"Pass") -> 73 | D6: =COUNTIFS('All tests'!$C$2:$C$507,A6,'All tests'!$H$2:$H$507,"Fail") -> 18 | E6: =B6-C6-D6 -> 0 | F6: =IF(B6=0,"",C6/B6) -> 0.8021978
A7: test-excel.xls | B7: 91 | C7: =COUNTIFS('All tests'!$C$2:$C$507,A7,'All tests'!$H$2:$H$507,"Pass") -> 44 | D7: =COUNTIFS('All tests'!$C$2:$C$507,A7,'All tests'!$H$2:$H$507,"Fail") -> 47 | E7: =B7-C7-D7 -> 0 | F7: =IF(B7=0,"",C7/B7) -> 0.48351648
A8: test-data.csv | B8: 21 | C8: =COUNTIFS('All tests'!$C$2:$C$507,A8,'All tests'!$H$2:$H$507,"Pass") -> 21 | D8: =COUNTIFS('All tests'!$C$2:$C$507,A8,'All tests'!$H$2:$H$507,"Fail") -> 0 | E8: =B8-C8-D8 -> 0 | F8: =IF(B8=0,"",C8/B8) -> 1
A9: test-slides.pptx | B9: 38 | C9: =COUNTIFS('All tests'!$C$2:$C$507,A9,'All tests'!$H$2:$H$507,"Pass") -> 24 | D9: =COUNTIFS('All tests'!$C$2:$C$507,A9,'All tests'!$H$2:$H$507,"Fail") -> 14 | E9: =B9-C9-D9 -> 0 | F9: =IF(B9=0,"",C9/B9) -> 0.63157895
A10: test-slides.ppt | B10: 39 | C10: =COUNTIFS('All tests'!$C$2:$C$507,A10,'All tests'!$H$2:$H$507,"Pass") -> 27 | D10: =COUNTIFS('All tests'!$C$2:$C$507,A10,'All tests'!$H$2:$H$507,"Fail") -> 12 | E10: =B10-C10-D10 -> 0 | F10: =IF(B10=0,"",C10/B10) -> 0.69230769
A11: test-pdf.pdf | B11: 26 | C11: =COUNTIFS('All tests'!$C$2:$C$507,A11,'All tests'!$H$2:$H$507,"Pass") -> 23 | D11: =COUNTIFS('All tests'!$C$2:$C$507,A11,'All tests'!$H$2:$H$507,"Fail") -> 3 | E11: =B11-C11-D11 -> 0 | F11: =IF(B11=0,"",C11/B11) -> 0.88461538
A12: test-pdf-protected.pdf | B12: 3 | C12: =COUNTIFS('All tests'!$C$2:$C$507,A12,'All tests'!$H$2:$H$507,"Pass") -> 3 | D12: =COUNTIFS('All tests'!$C$2:$C$507,A12,'All tests'!$H$2:$H$507,"Fail") -> 0 | E12: =B12-C12-D12 -> 0 | F12: =IF(B12=0,"",C12/B12) -> 1
A13: test-image.jpg | B13: 5 | C13: =COUNTIFS('All tests'!$C$2:$C$507,A13,'All tests'!$H$2:$H$507,"Pass") -> 5 | D13: =COUNTIFS('All tests'!$C$2:$C$507,A13,'All tests'!$H$2:$H$507,"Fail") -> 0 | E13: =B13-C13-D13 -> 0 | F13: =IF(B13=0,"",C13/B13) -> 1
... A29: test-tiff-16bit.tif | B29: 1 | C29: =COUNTIFS('All tests'!$C$2:$C$507,A29,'All tests'!$H$2:$H$507,"Pass") -> 1 | D29: =COUNTIFS('All tests'!$C$2:$C$507,A29,'All tests'!$H$2:$H$507,"Fail") -> 0 | E29: =B29-C29-D29 -> 0 | F29: =IF(B29=0,"",C29/B29) -> 1
A30: TOTAL | B30: 506 | C30: 372 | D30: 134 | E30: 0 | F30: 0.73517787
